{
  "Component.js.map": 1763099300235,
  "manifest.json": 1763093506494,
  "custom/ListController.js": 1763026447091,
  "custom/showcard.js": 1763093490518,
  "Component.js": 1762962656591,
  "custom/ListController-dbg.js": 1763026447091,
  "custom/ListController.js.map": 1763099300248,
  "custom/showcard-dbg.js": 1763093490518,
  "custom/showcard.js.map": 1763099300229,
  "Component-dbg.js": 1762962656591,
  "i18n/i18n.properties": 1762962656595,
  "Component-preload.js": 1763099300319,
  "Component-preload.js.map": 1763099300319,
  "index.html": 1762962656591
}